channel_name,cart_abandoned
Affiliate,0.4074595355383533
Direct Traffic,0.41859333171087854
Email Marketing,0.41909620991253643
Organic Search,0.42835931700074237
Paid Ads,0.42100238663484485
Social Media,0.4260686755430974
