channel_name,purchased
Affiliate,0.23598404879193058
Direct Traffic,0.21659771233876857
Email Marketing,0.22643343051506318
Organic Search,0.22717149220489977
Paid Ads,0.22124105011933173
Social Media,0.2202756365335202
