cluster,accuracy
0,0.8555790960451978
1,0.7648546144121365
2,0.7024673439767779
